{
  "floorPlan": [
    {
      "floorID": "1",
      "imagePath": "/floor/1/floor1.png",
      "imageWidth": 1794,
      "imageHeight": 3887,
      "cropBoxDimensions": {
        "left": 53.79999999999998,
        "top": 22.399999999999977,
        "width": 188.40000000000003,
        "height": 408.20000000000005
      }
    },
    {
      "floorID": "2",
      "imagePath": "/floor/2/floor2.png",
      "imageWidth": 1794,
      "imageHeight": 3887,
      "cropBoxDimensions": {
        "left": 113.59999999999997,
        "top": 22.799999999999955,
        "width": 188.40000000000003,
        "height": 408.20000000000005
      }
    },
    {
      "floorID": "3",
      "imagePath": "/floor/3/floor3.png",
      "imageWidth": 1794,
      "imageHeight": 3887,
      "cropBoxDimensions": {
        "left": 112.79999999999998,
        "top": 21.399999999999977,
        "width": 188.40000000000003,
        "height": 408.20000000000005
      }
    },
    {
      "floorID": "4",
      "imagePath": "/floor/4/floor4.png",
      "imageWidth": 1794,
      "imageHeight": 3887,
      "cropBoxDimensions": {
        "left": 112.79999999999998,
        "top": 21.399999999999977,
        "width": 188.40000000000003,
        "height": 408.20000000000005
      }
    },
    {
      "floorID": "5",
      "imagePath": "/floor/5/floor5.png",
      "imageWidth": 1794,
      "imageHeight": 3887,
      "cropBoxDimensions": {
        "left": 112.79999999999998,
        "top": 21.399999999999977,
        "width": 188.40000000000003,
        "height": 408.20000000000005
      }
    }
  ],
  "node": {
    "poi": [
      {
        "id": 0,
        "title": [
          {
            "language": "EN",
            "title": "poi1"
          },
          {
            "language": "FR",
            "title": "point d'intérêt 1"
          }
        ],
        "x": 1338.8059701492539,
        "y": 2142.089552238806,
        "color": "Green",
        "description": [
          {
            "language": "EN",
            "description": "<div>description of <b>poi1</b></div><div>You are currently walking through the women’s and men’s coat room, than passing through the showroom.</div>"
          },
          {
            "language": "FR",
            "description": "<div>description de poi1</div>"
          }
        ],
        "floorID": "2",
        "ibeacon": {
          "uuid": "B9407F30-F5F8-466E-AFF9-25556B57FE6D",
          "major": "37945",
          "minor": "34987"
        },
        "media": {
          "image": [
            {
              "path": "image/welcome-page.png",
              "language": "EN",
              "caption": "sample caption 2"
            },
            {
              "path": "image/Building plan.jpg",
              "language": "EN",
              "caption": "sample caption"
            }
          ],
          "video": [],
          "audio": []
        },
        "storyPoint": [
          {
            "storylineID": 0,
            "title": [
              {
                "language": "EN",
                "title": "Point #1"
              }
            ],
            "description": [
              {
                "language": "EN",
                "description": "<div>specific info for point #1</div>"
              }
            ],
            "media": {
              "image": [],
              "video": [
                {
                  "path": "video/MOEB POINT 1 - Small.mov",
                  "language": "EN",
                  "caption": "sample caption"
                }
              ],
              "audio": []
            }
          }
        ]
      },
      {
        "id": 1,
        "title": [
          {
            "language": "EN",
            "title": "poi2"
          },
          {
            "language": "FR",
            "title": "point d'intérêt 2"
          }
        ],
        "x": 1428.0597014925374,
        "y": 2008.2089552238806,
        "color": "Green",
        "description": [
          {
            "language": "EN",
            "description": "<div>The door to the right was the old president’s office.</div>"
          },
          {
            "language": "FR",
            "description": "<div>La porte à droite était le bureau de l'ancien président.</div>"
          }
        ],
        "floorID": "2",
        "ibeacon": {
          "uuid": "B9407F30-F5F8-466E-AFF9-25556B57FE6D",
          "major": "8451",
          "minor": "40927"
        },
        "media": {
          "image": [
            {
              "path": "image/2 - president's office.png",
              "language": "EN",
              "caption": "president's office"
            }
          ],
          "video": [],
          "audio": []
        },
        "storyPoint": [
          {
            "storylineID": 0,
            "title": [
              {
                "language": "EN",
                "title": "point #2"
              }
            ],
            "description": [
              {
                "language": "EN",
                "description": "<div>specific info for point #2</div>"
              }
            ],
            "media": {
              "image": [
                {
                  "path": "image/Building plan.jpg",
                  "language": "EN",
                  "caption": "sample caption specific information of point #2"
                }
              ],
              "video": [                
                {
                  "path": "video/MOEB POINT 2 - Small.mov",
                  "language": "EN",
                  "caption": "sample caption"
                }
              ],
              "audio": []
            }
          }
        ]
      },
      {
        "id": 2,
        "title": [
          {
            "language": "EN",
            "title": "poi3"
          },
          {
            "language": "FR",
            "title": "point d'intérêt 3"
          }
        ],
        "x": 1428.0597014925374,
        "y": 1651.1940298507463,
        "color": "Green",
        "description": [
          {
            "language": "EN",
            "description": "<div>description of poi3</div><div>On the floor, markings indicate the position of long gone walls, which once belonged to large washrooms.</div>"
          },
          {
            "language": "FR",
            "description": "<div>Au sol, les marquages indiquent la position des murs disparu depuis longtemps, qui appartenaient autrefois à grandes toilettes.</div>"
          }
        ],
        "floorID": "2",
        "ibeacon": {
          "uuid": "B9407F30-F5F8-466E-AFF9-25556B57FE6D",
          "major": "32561",
          "minor": "47495"
        },
        "media": {
          "image": [
            {
              "path": "image/Building plan.jpg",
              "language": "EN",
              "caption": "sample caption 3"
            }
          ],
          "video": [],
          "audio": []
        },
        "storyPoint": [
          {
            "storylineID": 0,
            "title": [
              {
                "language": "EN",
                "title": "Point #3"
              }
            ],
            "description": [
              {
                "language": "EN",
                "description": "<div>specific info for point #3</div>"
              }
            ],
            "media": {
              "image": [
                {
                  "path": "image/Building plan.jpg",
                  "language": "EN",
                  "caption": "sample caption specific information of point #3"
                }
              ],
              "video": [                
                {
                  "path": "video/MOEB POINT 3 - Small.mov",
                  "language": "EN",
                  "caption": "sample caption"
                }
              ],
              "audio": []
            }
          }
        ]
      },
      {
        "id": 3,
        "title": [
          {
            "language": "EN",
            "title": "poi4"
          },
          {
            "language": "FR",
            "title": "point d'intérêt 4"
          }
        ],
        "x": 1204.9253731343283,
        "y": 3302.3880597014927,
        "color": "Green",
        "description": [
          {
            "language": "EN",
            "description": "<div>Currently crossing a large machine shop.</div>"
          },
          {
            "language": "FR",
            "description": "<div>En ce moment, vous traversez un atelier d'usinage.</div>"
          }
        ],
        "floorID": "2",
        "ibeacon": {
          "uuid": "B9407F30-F5F8-466E-AFF9-25556B57FE6D",
          "major": "48995",
          "minor": "64451"
        },
        "media": {
          "image": [
            {
              "path": "image/Building plan.jpg",
              "language": "EN",
              "caption": "sample caption 4"
            }
          ],
          "video": [],
          "audio": []
        },
        "storyPoint": [
          {
            "storylineID": 0,
            "title": [
              {
                "language": "EN",
                "title": "Point #4"
              }
            ],
            "description": [
              {
                "language": "EN",
                "description": "<div>specific info for point #4</div>"
              }
            ],
            "media": {
              "image": [
                {
                  "path": "image/Building plan.jpg",
                  "language": "EN",
                  "caption": "sample caption specific information of point #4"
                }
              ],
              "video": [                
                {
                  "path": "video/MOEB POINT 4 - Small.mov",
                  "language": "EN",
                  "caption": "sample caption"
                }
              ],
              "audio": []
            }
          }
        ]
      },
      {
        "id": 8,
        "title": [
          {
            "language": "EN",
            "title": "poi5"
          },
          {
            "language": "FR",
            "title": "point d'intérêt 5"
          }
        ],
        "x": 1071.044776119403,
        "y": 3525.522388059702,
        "color": "Green",
        "description": [
          {
            "language": "EN",
            "description": "<div>description of poi5</div>"
          },
          {
            "language": "FR",
            "description": "<div>description de poi5</div>"
          }
        ],
        "floorID": "2",
        "ibeacon": {
          "uuid": "B9407F30-F5F8-466E-AFF9-25556B57FE6D",
          "major": "61111",
          "minor": "23409"
        },
        "media": {
          "image": [
            {
              "path": "image/Building plan.jpg",
              "language": "EN",
              "caption": "sample caption 5"
            }
          ],
          "video": [],
          "audio": []
        },
        "storyPoint": [
          {
            "storylineID": 0,
            "title": [
              {
                "language": "EN",
                "title": "Point #5"
              }
            ],
            "description": [
              {
                "language": "EN",
                "description": "<div>specific info for point #5</div>"
              }
            ],
            "media": {
              "image": [
                {
                  "path": "image/Building plan.jpg",
                  "language": "EN",
                  "caption": "sample caption specific information of point #5"
                }
              ],
              "video": [],
              "audio": []
            }
          }
        ]
      },
      {
        "id": 10,
        "title": [
          {
            "language": "EN",
            "title": "poi6"
          },
          {
            "language": "FR",
            "title": "point d'intérêt 6"
          }
        ],
        "x": 580.1492537313433,
        "y": 3525.522388059702,
        "color": "Green",
        "description": [
          {
            "language": "EN",
            "description": "<div>description of poi6</div>"
          },
          {
            "language": "FR",
            "description": "<div>description de poi6</div>"
          }
        ],
        "floorID": "2",
        "ibeacon": {
          "uuid": "B9407F30-F5F8-466E-AFF9-25556B57FE6D",
          "major": "32424",
          "minor": "62674"
        },
        "media": {
          "image": [
            {
              "path": "image/Building plan.jpg",
              "language": "FR",
              "caption": "caption sample FR"
            }
          ],
          "video": [],
          "audio": []
        },
        "storyPoint": [
          {
            "storylineID": 0,
            "title": [
              {
                "language": "EN",
                "title": "Point #6"
              }
            ],
            "description": [
              {
                "language": "EN",
                "description": "<div>specific info for point #6</div>"
              }
            ],
            "media": {
              "image": [
                {
                  "path": "image/Building plan.jpg",
                  "language": "EN",
                  "caption": "sample caption specific information of point #6"
                }
              ],
              "video": [],
              "audio": []
            }
          }
        ]
      },
      {
        "id": 11,
        "title": [
          {
            "language": "EN",
            "title": "poi7"
          },
          {
            "language": "FR",
            "title": "point d'intérêt 7"
          }
        ],
        "x": 267.76119402985074,
        "y": 3302.3880597014927,
        "color": "Green",
        "description": [
          {
            "language": "EN",
            "description": "<div>description of poi7</div>"
          },
          {
            "language": "FR",
            "description": "<div>description de poi7</div>"
          }
        ],
        "floorID": "2",
        "ibeacon": {
          "uuid": "B9407F30-F5F8-466E-AFF9-25556B57FE6D",
          "major": "59520",
          "minor": "56840"
        },
        "media": {
          "image": [
            {
              "path": "image/Building plan.jpg",
              "language": "EN",
              "caption": "sample caption 7"
            }
          ],
          "video": [],
          "audio": []
        },
        "storyPoint": [
          {
            "storylineID": 0,
            "title": [
              {
                "language": "EN",
                "title": "Point #7"
              }
            ],
            "description": [
              {
                "language": "EN",
                "description": "<div>specific info for point #7</div>"
              }
            ],
            "media": {
              "image": [
                {
                  "path": "image/Building plan.jpg",
                  "language": "EN",
                  "caption": "sample caption specific information of point #7"
                }
              ],
              "video": [],
              "audio": []
            }
          }
        ]
      },
      {
        "id": 17,
        "title": [
          {
            "language": "EN",
            "title": "poi9"
          },
          {
            "language": "FR",
            "title": "point d'intérêt 9"
          }
        ],
        "x": 312.3880597014926,
        "y": 2766.8656716417913,
        "color": "Green",
        "description": [
          {
            "language": "EN",
            "description": "<div>description of poi9</div>"
          },
          {
            "language": "FR",
            "description": "<div>description de poi9</div>"
          }
        ],
        "floorID": "3",
        "ibeacon": {
          "uuid": "B9407F30-F5F8-466E-AFF9-25556B57FE6D",
          "major": "38714",
          "minor": "26839"
        },
        "media": {
          "image": [
            {
              "path": "image/Building plan.jpg",
              "language": "EN",
              "caption": "sample caption 9"
            }
          ],
          "video": [],
          "audio": []
        },
        "storyPoint": [
          {
            "storylineID": 0,
            "title": [
              {
                "language": "EN",
                "title": "Point #9"
              }
            ],
            "description": [
              {
                "language": "EN",
                "description": "<div>specific info for point #9</div>"
              }
            ],
            "media": {
              "image": [
                {
                  "path": "image/Building plan.jpg",
                  "language": "EN",
                  "caption": "sample caption specific information of point #9"
                }
              ],
              "video": [],
              "audio": []
            }
          }
        ]
      },
      {
        "id": 21,
        "title": [
          {
            "language": "EN",
            "title": "poi11"
          },
          {
            "language": "FR",
            "title": "point d'intérêt 11"
          }
        ],
        "x": 312.3880597014926,
        "y": 3570.1492537313434,
        "color": "Green",
        "description": [
          {
            "language": "EN",
            "description": "<div>description of poi11</div>"
          },
          {
            "language": "FR",
            "description": "<div>description de poi11</div>"
          }
        ],
        "floorID": "4",
        "ibeacon": {
          "uuid": "B9407F30-F5F8-466E-AFF9-25556B57FE6D",
          "major": "513",
          "minor": "45686"
        },
        "media": {
          "image": [
            {
              "path": "image/Building plan.jpg",
              "language": "EN",
              "caption": "sample caption 11"
            }
          ],
          "video": [],
          "audio": []
        },
        "storyPoint": [
          {
            "storylineID": 0,
            "title": [
              {
                "language": "EN",
                "title": "Point #!1"
              }
            ],
            "description": [
              {
                "language": "EN",
                "description": "<div>specific info for point #11</div>"
              }
            ],
            "media": {
              "image": [
                {
                  "path": "image/Building plan.jpg",
                  "language": "EN",
                  "caption": "sample caption specific information of point #11"
                }
              ],
              "video": [],
              "audio": []
            }
          }
        ]
      },
      {
        "id": 23,
        "title": [
          {
            "language": "EN",
            "title": "poi12"
          },
          {
            "language": "FR",
            "title": "point d'intérêt 12"
          }
        ],
        "x": 312.3880597014926,
        "y": 3570.1492537313434,
        "color": "Green",
        "description": [
          {
            "language": "EN",
            "description": "<div>description of poi12</div>"
          },
          {
            "language": "FR",
            "description": "<div>description de poi12</div>"
          }
        ],
        "floorID": "5",
        "ibeacon": {
          "uuid": "B9407F30-F5F8-466E-AFF9-25556B57FE6D",
          "major": "17365",
          "minor": "5156"
        },
        "media": {
          "image": [
            {
              "path": "image/Building plan.jpg",
              "language": "EN",
              "caption": "sample caption 12"
            }
          ],
          "video": [],
          "audio": []
        },
        "storyPoint": [
          {
            "storylineID": 0,
            "title": [
              {
                "language": "EN",
                "title": "Point #12"
              }
            ],
            "description": [
              {
                "language": "EN",
                "description": "<div>specific info for point #12</div>"
              }
            ],
            "media": {
              "image": [
                {
                  "path": "image/Building plan.jpg",
                  "language": "EN",
                  "caption": "sample caption specific information of point #12"
                }
              ],
              "video": [],
              "audio": []
            }
          }
        ]
      },
      {
        "id": 24,
        "title": [
          {
            "language": "EN",
            "title": "poi13"
          },
          {
            "language": "FR",
            "title": "point d'intérêt 13"
          }
        ],
        "x": 312.3880597014926,
        "y": 2811.492537313433,
        "color": "Green",
        "description": [
          {
            "language": "EN",
            "description": "<div>description of poi13</div>"
          },
          {
            "language": "FR",
            "description": "<div>description de poi13</div>"
          }
        ],
        "floorID": "5",
        "ibeacon": {
          "uuid": "B9407F30-F5F8-466E-AFF9-25556B57FE6D",
          "major": "11163",
          "minor": "7229"
        },
        "media": {
          "image": [
            {
              "path": "image/Building plan.jpg",
              "language": "EN",
              "caption": "sample caption 13"
            }
          ],
          "video": [],
          "audio": []
        },
        "storyPoint": [
          {
            "storylineID": 0,
            "title": [
              {
                "language": "EN",
                "title": "Point #13"
              }
            ],
            "description": [
              {
                "language": "EN",
                "description": "<div>specific info for point #13</div>"
              }
            ],
            "media": {
              "image": [
                {
                  "path": "image/Building plan.jpg",
                  "language": "EN",
                  "caption": "sample caption specific information of point #13"
                }
              ],
              "video": [],
              "audio": []
            }
          }
        ]
      },
      {
        "id": 25,
        "title": [
          {
            "language": "EN",
            "title": "poi14"
          },
          {
            "language": "FR",
            "title": "point d'intérêt  14"
          }
        ],
        "x": 178.50746268656718,
        "y": 2409.8507462686566,
        "color": "Green",
        "description": [
          {
            "language": "EN",
            "description": "<div>description of poi14</div>"
          },
          {
            "language": "FR",
            "description": "<div>description de poi14</div>"
          }
        ],
        "floorID": "5",
        "ibeacon": {
          "uuid": "B9407F30-F5F8-466E-AFF9-25556B57FE6D",
          "major": "11163",
          "minor": "7229"
        },
        "media": {
          "image": [
            {
              "path": "image/Building plan.jpg",
              "language": "EN",
              "caption": "sample caption 14"
            }
          ],
          "video": [],
          "audio": []
        },
        "storyPoint": [
          {
            "storylineID": 0,
            "title": [
              {
                "language": "EN",
                "title": "Point #14"
              }
            ],
            "description": [
              {
                "language": "EN",
                "description": "<div>specific info for point #14</div>"
              }
            ],
            "media": {
              "image": [
                {
                  "path": "image/Building plan.jpg",
                  "language": "EN",
                  "caption": "sample caption specific information of point #14"
                }
              ],
              "video": [],
              "audio": []
            }
          }
        ]
      }
    ],
    "pot": [
      {
        "id": 4,
        "title": "pot1",
        "x": 1383.4328358208957,
        "y": 2097.4626865671644,
        "label": "Hallway",
        "color": "Blue",
        "floorID": "2"
      },
      {
        "id": 5,
        "title": "pot2",
        "x": 1472.6865671641792,
        "y": 2142.089552238806,
        "label": "Corner",
        "color": "Blue",
        "floorID": "2"
      },
      {
        "id": 6,
        "title": "pot3",
        "x": 1472.6865671641792,
        "y": 2365.223880597015,
        "label": "Corner",
        "color": "Blue",
        "floorID": "2"
      },
      {
        "id": 7,
        "title": "pot4",
        "x": 1294.179104477612,
        "y": 2365.223880597015,
        "label": "Corner",
        "color": "Blue",
        "floorID": "2"
      },
      {
        "id": 9,
        "title": "pot5",
        "x": 1160.2985074626865,
        "y": 3525.522388059702,
        "label": "Corner",
        "color": "Blue",
        "floorID": "2"
      },
      {
        "id": 12,
        "title": "pot6",
        "x": 267.76119402985074,
        "y": 3480.89552238806,
        "label": "None",
        "color": "Blue",
        "floorID": "2"
      },
      {
        "id": 13,
        "title": "Hidden Staircase from 1920s",
        "x": 133.88059701492537,
        "y": 2365.223880597015,
        "label": "Stairs",
        "color": "Blue",
        "floorID": "2"
      },
      {
        "id": 14,
        "title": "pot7",
        "x": 267.76119402985074,
        "y": 2365.223880597015,
        "label": "Corner",
        "color": "Blue",
        "floorID": "2"
      },
      {
        "id": 15,
        "title": "pot8",
        "x": 133.88059701492537,
        "y": 2365.223880597015,
        "label": "Stairs",
        "color": "Blue",
        "floorID": "3"
      },
      {
        "id": 16,
        "title": "pot9",
        "x": 312.3880597014926,
        "y": 2365.223880597015,
        "label": "Corner",
        "color": "Blue",
        "floorID": "3"
      },
      {
        "id": 18,
        "title": "point #10",
        "x": 133.88059701492537,
        "y": 3570.1492537313434,
        "label": "Stairs",
        "color": "Blue",
        "floorID": "3"
      },
      {
        "id": 19,
        "title": "pot10",
        "x": 312.3880597014926,
        "y": 3570.1492537313434,
        "label": "Corner",
        "color": "Blue",
        "floorID": "3"
      },
      {
        "id": 20,
        "title": "pot11",
        "x": 133.88059701492537,
        "y": 3570.1492537313434,
        "label": "Stairs",
        "color": "Blue",
        "floorID": "4"
      },
      {
        "id": 22,
        "title": "pot12",
        "x": 133.88059701492537,
        "y": 3570.1492537313434,
        "label": "Stairs",
        "color": "Blue",
        "floorID": "5"
      },
      {
        "id": 26,
        "title": "pot13",
        "x": 312.3880597014926,
        "y": 2409.8507462686566,
        "label": "Corner",
        "color": "Blue",
        "floorID": "5"
      }
    ]
  },
  "edge": [
    {
      "startNode": 0,
      "endNode": 1,
      "distance": 36.05551275463989
    },
    {
      "startNode": 1,
      "endNode": 2,
      "distance": 80
    },
    {
      "startNode": 2,
      "endNode": 4,
      "distance": 100.4987562112089
    },
    {
      "startNode": 4,
      "endNode": 5,
      "distance": 22.360679774997898
    },
    {
      "startNode": 5,
      "endNode": 6,
      "distance": 50
    },
    {
      "startNode": 6,
      "endNode": 7,
      "distance": 40
    },
    {
      "startNode": 7,
      "endNode": 3,
      "distance": 210.95023109728987
    },
    {
      "startNode": 3,
      "endNode": 9,
      "distance": 50.99019513592785
    },
    {
      "startNode": 9,
      "endNode": 8,
      "distance": 20
    },
    {
      "startNode": 8,
      "endNode": 10,
      "distance": 110
    },
    {
      "startNode": 10,
      "endNode": 12,
      "distance": 70.71067811865476
    },
    {
      "startNode": 12,
      "endNode": 11,
      "distance": 40
    },
    {
      "startNode": 11,
      "endNode": 14,
      "distance": 210
    },
    {
      "startNode": 14,
      "endNode": 13,
      "distance": 30
    },
   {
      "startNode": 13,
      "endNode": 15,
      "distance": 100
    },
    {
      "startNode": 15,
      "endNode": 16,
      "distance": 40
    },
    {
      "startNode": 16,
      "endNode": 17,
      "distance": 90
    },
    {
      "startNode": 17,
      "endNode": 19,
      "distance": 180
    },
    {
      "startNode": 19,
      "endNode": 18,
      "distance": 40
    },
    {
      "startNode": 18,
      "endNode": 20,
      "distance": 100
    },
    {
      "startNode": 21,
      "endNode": 20,
      "distance": 40
    },
    {
      "startNode": 20,
      "endNode": 22,
      "distance": 100
    },
    {
      "startNode": 23,
      "endNode": 22,
      "distance": 40
    },
    {
      "startNode": 23,
      "endNode": 24,
      "distance": 170
    },
    {
      "startNode": 24,
      "endNode": 26,
      "distance": 90
    },
    {
      "startNode": 26,
      "endNode": 25,
      "distance": 30
    }
  ],
  "storyline": [
    {
      "id": 0,
      "title": [
        {
          "language": "EN",
          "title": "Nipper Storyline"
        }, 
        {
          "language": "FR",
          "title": "L'histoire de Nipper"
        }
      ],
      "description": [
        {
          "language": "EN",
          "description": "Nipper storyline description"
        },
        {
          "language": "FR",
          "description": "description de l'histoire de Nipper"
        }
      ],
      "walkingTimeInMinutes": 120,
      "path": [
        0,
        1,
        2,
        4,
        5,
        6,
        7,
        3,
        9,
        8,
        10,
        12,
        11,
        14,
        13,
        15,
        16,
        17,
        19,
        18,
        20,
        21,
        20,
        22,
        23,
        24,
        26,
        25
      ],
      "floorsCovered": [
        "2", 
        "3", 
        "4", 
        "5"
      ],
      "thumbnail": "thumbnail/nipper.png"
    }
  ]
}