{"floorPlan":[{"floorID":2,"imagePath":"/floor_plans/floor2.svg","imageWidth":4381,"imageHeight":2220},{"floorID":3,"imagePath":"/floor_plans/floor3.svg","imageWidth":4381,"imageHeight":2220},{"floorID":4,"imagePath":"/floor_plans/floor4.svg","imageWidth":4381,"imageHeight":2220},{"floorID":5,"imagePath":"/floor_plans/floor5.svg","imageWidth":4381,"imageHeight":2220}],"node":{"poi":[{"id":0,"title":[{"language":"EN","title":"MOEB"}],"description":[{"language":"EN","description":"<p>This is the actual site of the museum</p>\n"}],"x":2537,"y":1052,"floorID":2,"ibeacon":{"uuid":"B9407F30-F5F8-466E-AFF9-25556B57FE6D","major":"123421","minor":"123123"},"media":{"image":[],"video":[],"audio":[]},"storyPoint":[{"ID":0,"storylineID":0,"title":[{"language":"EN","title":"MOEB"},{"language":"FR","title":"MOEB"}],"description":[{"language":"EN","description":"<p>This is the acutal site of the museum.</p>\n"},{"language":"FR","description":"<p>Ceci est le site de acutal du mus&eacute;e.</p>\n"}],"media":{"image":[],"video":[],"audio":[]}}],"autoOn":true},{"id":1,"title":[{"language":"EN","title":"MOEB Intro"}],"description":[{"language":"EN","description":"<p>Nipper runs off, searching for his master. Let&#39;s follow him!</p>\n"}],"x":2390,"y":611,"floorID":2,"ibeacon":{"uuid":"B9407F30-F5F8-466E-AFF9-25556B57FE6D","major":"37945","minor":"34987"},"media":{"image":[],"video":[{"path":"/media_files/MOEB POINT 1 - Small.mov","language":"EN","caption":""}],"audio":[]},"storyPoint":[{"ID":1,"storylineID":0,"title":[{"language":"EN","title":"MOEB Intro"}],"description":[{"language":"EN","description":"<p>Nipper runs off, searching for his master. Let&#39;s follow him!</p>\n"}],"media":{"image":[],"video":[{"path":"/media_files/MOEB POINT 1 - Small.mov","language":"EN","caption":""}],"audio":[]}}],"autoOn":true},{"id":2,"title":[{"language":"EN","title":"Nipper's Legacy"}],"description":[{"language":"EN","description":"<p>Nipper sure is well-known!</p>\n"}],"x":2259,"y":565,"floorID":2,"ibeacon":{"uuid":"B9407F30-F5F8-466E-AFF9-25556B57FE6D","major":"8451","minor":"40927"},"media":{"image":[],"video":[{"path":"/media_files/MOEB POINT 2  - Small.mov","language":"EN","caption":""}],"audio":[]},"storyPoint":[{"ID":2,"storylineID":0,"title":[{"language":"EN","title":"Nipper's Legacy"}],"description":[{"language":"EN","description":"<p>Nipper sure is well-known!</p>\n"}],"media":{"image":[],"video":[{"path":"/media_files/MOEB POINT 2  - Small.mov","language":"EN","caption":""}],"audio":[]}}],"autoOn":true},{"id":3,"title":[{"language":"EN","title":"The Old President's Office"}],"description":[{"language":"EN","description":"<p>Uh oh! Wrong room, Nipper, your master&#39;s in the new extension, now!</p>\n"}],"x":1899,"y":519,"floorID":2,"ibeacon":{"uuid":"B9407F30-F5F8-466E-AFF9-25556B57FE6D","major":"32561","minor":"47495"},"media":{"image":[],"video":[{"type":"video","path":"/media_files/MOEB POINT 3 - Small.mov","language":"EN","caption":""}],"audio":[]},"storyPoint":[{"ID":3,"storylineID":0,"title":[{"language":"EN","title":"The Old President's Office"}],"description":[{"language":"EN","description":"<p>Uh oh! Wrong room, Nipper, your master&#39;s in the new extension, now!</p>\n"}],"media":{"image":[],"video":[{"path":"/media_files/MOEB POINT 3 - Small.mov","language":"EN","caption":""}],"audio":[]}}],"autoOn":true},{"id":4,"title":[{"language":"EN","title":"The Machine Shop"}],"description":[{"language":"EN","description":"<p>What a noisy area! Hear all the machines running? Well, they used to be here...notice the marks on the floor?</p>\n"}],"x":3685,"y":758,"floorID":2,"ibeacon":{"uuid":"B9407F30-F5F8-466E-AFF9-25556B57FE6D","major":"48995","minor":"64451"},"media":{"image":[],"video":[{"path":"/media_files/MOEB POINT 4 - Small.mov","language":"EN","caption":""}],"audio":[]},"storyPoint":[{"ID":4,"storylineID":0,"title":[{"language":"EN","title":"The Machine Shop"}],"description":[{"language":"EN","description":"<p>What a noisy area! Hear all the machines running? Well, they used to be here...notice the marks on the floor?</p>\n"}],"media":{"image":[],"video":[{"path":"/media_files/MOEB POINT 4 - Small.mov","language":"EN","caption":""}],"audio":[]}}],"autoOn":true},{"id":5,"title":[{"language":"EN","title":"Hallway Start"}],"description":[{"language":"EN","description":"<p>Time for a long hallway...can you keep up with Nipper?</p>\n"}],"x":3947,"y":879,"floorID":2,"ibeacon":{"uuid":"B9407F30-F5F8-466E-AFF9-25556B57FE6D","major":"61111","minor":"23409"},"media":{"image":[],"video":[],"audio":[]},"storyPoint":[{"ID":5,"storylineID":0,"title":[{"language":"EN","title":"Hallway Start"}],"description":[{"language":"EN","description":"<p>Time for a long hallway...can you keep up with Nipper?</p>\n"}],"media":{"image":[],"video":[],"audio":[]}}],"autoOn":true},{"id":6,"title":[{"language":"EN","title":"Hallway End"}],"description":[{"language":"EN","description":"<p>Phew! What a race! But now it&#39;s time for round two...turn right and keep chasing Nipper!</p>\n"}],"x":3917,"y":1442,"floorID":2,"ibeacon":{"uuid":"B9407F30-F5F8-466E-AFF9-25556B57FE6D","major":"32424","minor":"62674"},"media":{"image":[],"video":[],"audio":[]},"storyPoint":[{"ID":6,"storylineID":0,"title":[{"language":"EN","title":"Hallway End"}],"description":[{"language":"EN","description":"<p>Phew! What a race! But now it&#39;s time for round two...turn right and keep chasing Nipper!</p>\n"}],"media":{"image":[],"video":[],"audio":[]}}],"autoOn":true},{"id":7,"title":[{"language":"EN","title":"The Race"}],"description":[{"language":"EN","description":"<p>It&#39;s you and nipper, rushing through the factory! For such a small dog, he sure runs fast!</p>\n"}],"x":3700,"y":1774,"floorID":2,"ibeacon":{"uuid":"B9407F30-F5F8-466E-AFF9-25556B57FE6D","major":"59520","minor":"56840"},"media":{"image":[],"video":[],"audio":[]},"storyPoint":[{"ID":7,"storylineID":0,"title":[{"language":"EN","title":"The Race"}],"description":[{"language":"EN","description":"<p>It&#39;s you and nipper, rushing through the factory! For such a small dog, he sure runs fast!</p>\n"}],"media":{"image":[],"video":[],"audio":[]}}],"autoOn":true},{"id":29,"title":[{"language":"EN","title":"To the next Floor"}],"description":[{"language":"EN","description":"<p>What a sprint! Well, it&#39;s time to head on up to floor 3, now!</p>\n"}],"x":2666,"y":1920,"floorID":2,"ibeacon":{"uuid":"B9407F30-F5F8-466E-AFF9-25556B57FE6D","major":"12432","minor":"12412"},"media":{"image":[],"video":[],"audio":[]},"storyPoint":[{"ID":8,"storylineID":0,"title":[{"language":"EN","title":"To the Next Floor"}],"description":[{"language":"EN","description":"<p>What a sprint! Well, it&#39;s time to head on up to floor 3, now!</p>\n"}],"media":{"image":[],"video":[],"audio":[]}}],"autoOn":true},{"id":11,"title":[{"language":"EN","title":"Dash on Through"}],"description":[{"language":"EN","description":"<p>Another heated race as Nipper tears through the factory...seems he wants to see the next floor!</p>\n"}],"x":3130,"y":1777,"floorID":3,"ibeacon":{"uuid":"B9407F30-F5F8-466E-AFF9-25556B57FE6D","major":"38714","minor":"26839"},"media":{"image":[],"video":[],"audio":[]},"storyPoint":[{"ID":9,"storylineID":0,"title":[{"language":"EN","title":"Dash on Through"}],"description":[{"language":"EN","description":"<p>Another heated race as Nipper tears through the factory...seems he wants to see the next floor!</p>\n"}],"media":{"image":[],"video":[],"audio":[]}}],"autoOn":true},{"id":32,"title":[{"language":"EN","title":"Onwards and Upwards"}],"description":[{"language":"EN","description":"<p>No luck on floor 3...maybe he&#39;s on floor 4?</p>\n"}],"x":3975,"y":1920,"floorID":3,"ibeacon":{"uuid":"B9407F30-F5F8-466E-AFF9-25556B57FE6D","major":"53563","minor":"13476"},"media":{"image":[],"video":[],"audio":[]},"storyPoint":[{"ID":10,"storylineID":0,"title":[{"language":"EN","title":"Onwards and Upwards"}],"description":[{"language":"EN","description":"<p>No luck on floor 3...maybe he&#39;s on floor 4?</p>\n"}],"media":{"image":[],"video":[],"audio":[]}}],"autoOn":true},{"id":13,"title":[{"language":"EN","title":"No Such Luck"}],"description":[{"language":"EN","description":"<p>With a quick sniff, Nipper realizes that his master isn&#39;t here either! Let&#39;s head back to the stairs and get to floor 5!</p>\n"}],"x":3970,"y":1784,"floorID":4,"ibeacon":{"uuid":"B9407F30-F5F8-466E-AFF9-25556B57FE6D","major":"513","minor":"45686"},"media":{"image":[],"video":[],"audio":[]},"storyPoint":[{"ID":11,"storylineID":0,"title":[{"language":"EN","title":"No Such Luck"}],"description":[{"language":"EN","description":"<p>With a quick sniff, Nipper realizes that his master isn&#39;t here either! Let&#39;s head back to the stairs and get to floor 5!</p>\n"}],"media":{"image":[],"video":[],"audio":[]}}],"autoOn":true},{"id":17,"title":[{"language":"EN","title":"The Final Floor"}],"description":[{"language":"EN","description":"<p>No higher to go, this must be the last leg of your journey!</p>\n"}],"x":3975,"y":1771,"floorID":5,"ibeacon":{"uuid":"B9407F30-F5F8-466E-AFF9-25556B57FE6D","major":"17365","minor":"5156"},"media":{"image":[],"video":[],"audio":[]},"storyPoint":[{"ID":12,"storylineID":0,"title":[{"language":"EN","title":"The Final Floor"}],"description":[{"language":"EN","description":"<p>No higher to go, this must be the last leg of your journey!</p>\n"}],"media":{"image":[],"video":[],"audio":[]}}],"autoOn":true},{"id":18,"title":[{"language":"EN","title":"Almost There"}],"description":[{"language":"EN","description":"<p>Nipper seems excited...has he heard his master&#39;s voice?</p>\n"}],"x":3135,"y":1770,"floorID":5,"ibeacon":{"uuid":"B9407F30-F5F8-466E-AFF9-25556B57FE6D","major":"11163","minor":"7229"},"media":{"image":[],"video":[],"audio":[]},"storyPoint":[{"ID":13,"storylineID":0,"title":[{"language":"EN","title":"Almost There"}],"description":[{"language":"EN","description":"<p>Nipper seems excited...has he heard his master&#39;s voice?</p>\n"}],"media":{"image":[],"video":[],"audio":[]}}],"autoOn":true},{"id":19,"title":[{"language":"EN","title":"The End"}],"description":[{"language":"EN","description":"<p>Finally, Nipper found his master! Only...it&#39;s just a gramophone, playing a recorded conversation! Poor Nipper...</p>\n"}],"x":2673,"y":1896,"floorID":5,"ibeacon":{"uuid":"B9407F30-F5F8-466E-AFF9-25556B57FE6D","major":"11163","minor":"7229"},"media":{"image":[],"video":[],"audio":[]},"storyPoint":[{"ID":14,"storylineID":0,"title":[{"language":"EN","title":"The End"}],"description":[{"language":"EN","description":"<p>Finally, Nipper found his master! Only...it&#39;s just a gramophone, playing a recorded conversation! Poor Nipper...</p>\n"}],"media":{"image":[],"video":[],"audio":[]}}],"autoOn":true}],"pot":[{"id":10,"label":"stairs","x":2668,"y":1966,"floorID":3},{"id":12,"label":"stairs","x":3972,"y":1949,"floorID":3},{"id":14,"label":"stairs","x":3963,"y":1949,"floorID":4},{"id":15,"label":"stairs","x":3996,"y":1950,"floorID":4},{"id":16,"label":"stairs","x":3968,"y":1952,"floorID":5},{"id":31,"label":"stairs","x":2662,"y":1958,"floorID":2},{"id":39,"label":"none","x":2529,"y":623,"floorID":2},{"id":40,"label":"none","x":2346,"y":571,"floorID":2},{"id":41,"label":"none","x":1912,"y":536,"floorID":2},{"id":42,"label":"none","x":2408,"y":559,"floorID":2},{"id":43,"label":"none","x":2415,"y":462,"floorID":2},{"id":44,"label":"none","x":2674,"y":479,"floorID":2},{"id":45,"label":"none","x":2660,"y":688,"floorID":2},{"id":46,"label":"none","x":3664,"y":772,"floorID":2},{"id":47,"label":"none","x":3708,"y":775,"floorID":2},{"id":48,"label":"none","x":3954,"y":795,"floorID":2},{"id":49,"label":"none","x":3901,"y":1775,"floorID":2},{"id":50,"label":"none","x":2665,"y":1773,"floorID":2},{"id":51,"label":"none","x":2665,"y":1778,"floorID":3},{"id":52,"label":"none","x":3984,"y":1778,"floorID":3},{"id":53,"label":"none","x":4004,"y":1785,"floorID":4},{"id":54,"label":"none","x":2672,"y":1769,"floorID":5}]},"edge":[{"startNode":0,"endNode":39,"distance":429.45781655736005},{"startNode":39,"endNode":1,"distance":139.08095411911566},{"startNode":1,"endNode":40,"distance":59.13267528442039},{"startNode":40,"endNode":2,"distance":87.4454191501057},{"startNode":2,"endNode":41,"distance":348.03408101368086},{"startNode":41,"endNode":3,"distance":21.329029607365452},{"startNode":3,"endNode":42,"distance":510.4170994932134},{"startNode":42,"endNode":43,"distance":97.69320700650019},{"startNode":43,"endNode":44,"distance":259.25369649019837},{"startNode":44,"endNode":45,"distance":209.52405357163587},{"startNode":45,"endNode":46,"distance":1007.9198974022315},{"startNode":4,"endNode":46,"distance":24.852868648794267},{"startNode":4,"endNode":47,"distance":28.98429602492696},{"startNode":47,"endNode":48,"distance":245.91780900397092},{"startNode":48,"endNode":5,"distance":83.55963968784455},{"startNode":5,"endNode":6,"distance":563.8253542404127},{"startNode":6,"endNode":49,"distance":333.3917307581936},{"startNode":49,"endNode":7,"distance":201.61792925810806},{"startNode":7,"endNode":50,"distance":1034.933775667754},{"startNode":50,"endNode":29,"distance":147.48443613319856},{"startNode":29,"endNode":31,"distance":37.3712282621958},{"startNode":31,"endNode":10,"distance":10.329879805719822},{"startNode":10,"endNode":51,"distance":188.24915062413848},{"startNode":51,"endNode":11,"distance":465.3732431735698},{"startNode":11,"endNode":52,"distance":854.1107003272072},{"startNode":52,"endNode":32,"distance":142.42673577280988},{"startNode":32,"endNode":12,"distance":28.56559909914948},{"startNode":12,"endNode":14,"distance":8.85791015625},{"startNode":14,"endNode":13,"distance":165.32900871280964},{"startNode":13,"endNode":53,"distance":33.706258130554446},{"startNode":53,"endNode":15,"distance":165.32900871280964},{"startNode":15,"endNode":16,"distance":28.4002732566411},{"startNode":16,"endNode":17,"distance":181.25878130999686},{"startNode":17,"endNode":18,"distance":839.9383554864429},{"startNode":18,"endNode":54,"distance":463.93157984777383},{"startNode":54,"endNode":19,"distance":126.20280471456252}],"storyline":[{"id":0,"title":[{"language":"EN","title":"Nipper Storyline"},{"language":"FR","title":"Nipper ligne de l'histoire"}],"description":[{"language":"EN","description":"Nipper is looking for his master, follow him on his search!"},{"language":"FR","description":" Nipper est à la recherche de son maître, le suivre sur sa recherche!"}],"path":[0,1,2,3,4,5,6,7,29,11,32,13,17,18,19],"thumbnail":"","walkingTimeInMinutes":"","floorsCovered":[2,3,4,5]}]}